stt,name,rarity,path,image_file,s1,s2,s3,s4,s5
1,Cho Đến Ngày Mai Của Ngày Mai,4,Abundance,cho_den_ngay_mai_cua_ngay_mai.png,0,0,0,0,0
2,Đừng Quên Ngọn Lửa Của Cô Ấy,5,Nihility,dung_quen_ngon_lua_cua_co_ay.png,1,0,0,0,0
3,Thiêu Đốt Ảo Ảnh,3,Remembrance,thieu_dot_ao_anh.png,0,0,0,0,0
4,Nếu Thời Gian Là Một Đoá Hoa,5,Harmony,neu_thoi_gian_la_mot_doa_hoa.png,0.5,0,0,0,0
5,Sinh Mệnh Đáng Bị Thiêu Rụi,5,Erudition,sinh_menh_dang_bi_thieu_rui.png,1,0,0,0,0
6,Lễ Đăng Quang Không Hồi Đáp,5,Destruction,le_dang_quang_khong_hoi_dap.png,1,0,0,0,0
7,Địa Ngục Thiêu Đốt Lý Tưởng,5,Hunt,dia_nguc_thieu_dot_ly_tuong.png,0.5,0,0,0,0
8,Vì Sao Biển Cả Ca Vang,5,Nihility,vi_sao_bien_ca_ca_vang.png,1.5,0,0,0,0
9,Món Ăn Vĩnh Hằng,4,Harmony,mon_an_vinh_hang.png,0,0,0,0,0
10,Thời Đại Máu Vàng Khắc Ghi,5,Harmony,thoi_dai_mau_vang_khac_ghi.png,1,0,0,0,0
11,Dù Núi Sông Vạn Dặm,5,Preservation,du_nui_song_van_dam.png,0.5,0,0,0,0
12,Bình Minh Rực Cháy,5,Destruction,binh_minh_ruc_chay.png,2.5,0,0,0,0
13,Tìm Về Ký Ức,3,Remembrance,tim_ve_ky_uc.png,0,0,0,0,0
14,Lời Chào Hỏi Của Thiên Tài,4,Remembrance,loi_chao_hoi_cua_thien_tai.png,0,0,0,0,0
15,"Đổ Mồ Hôi Nhiều, Rơi Nước Mắt Ít",4,Remembrance,do_mo_hoi_nhieu_roi_nuoc_mat_it.png,0,0,0,0,0
16,Trang Tiếp Theo Của Câu Chuyện,4,Remembrance,trang_tiep_theo_cua_cau_chuyen.png,0,0,0,0,0
17,Hoa Sẽ Không Quên,4,Remembrance,hoa_se_khong_quen.png,0,0,0,0,0
18,Bay Đến Ngày Mai Màu Hồng,4,Remembrance,bay_den_ngay_mai_mau_hong.png,0,0,0,0,0
19,Chiến Thắng Trong Chớp Mắt,4,Remembrance,chien_thang_trong_chop_mat.png,0,0,0,0,0
20,Ký Ức Không Bao Giờ Hạ Màn,5,Remembrance,ky_uc_khong_bao_gio_ha_man.png,0,0,0,0,0
21,Dệt Thời Gian Thành Vàng,5,Remembrance,det_thoi_gian_thanh_vang.png,1,0,0,0,0
22,Để Lời Từ Biệt Đẹp Đẽ Hơn,5,Remembrance,de_loi_tu_biet_dep_de_hon.png,2,0,0,0,0
23,Mong Cầu Vồng Mãi Ở Trên Bầu Trời,5,Remembrance,mong_cau_vong_mai_o_tren_bau_troi.png,2.5,0,0,0,0
24,Gửi Ánh Sao Của Đêm Dài,5,Remembrance,gui_anh_sao_cua_dem_dai.png,1.5,0,0,0,0
25,Nguyện Yêu Như Lúc Này Mãi Mãi,5,Remembrance,nguyen_yeu_nhu_luc_nay_mai_mai.png,1,0,0,0,0
26,Đường Dài Vẫn Có Lối Về,5,Nihility,duong_dai_van_co_loi_ve.png,0.5,0,0,0,0
27,Dựng Phim Trong Mơ,4,Abundance,dung_phim_trong_mo.png,0,0,0,0,0
28,Bóng Tối Đồng Hành,4,Hunt,bong_toi_dong_hanh.png,0,0,0,0,0
29,Tuổi Hoa Chờ Nở Rộ,4,Harmony,tuoi_hoa_cho_no_ro.png,0,0,0,0,0
30,Mùi Hương Vẹn Nguyên,5,Abundance,mui_huong_ven_nguyen.png,1,0,0,0,0
31,Khi Đuổi Theo Gió,4,Harmony,khi_duoi_theo_gio.png,0,0,0,0,0
32,Hướng Về Điều Không Thể Truy Hỏi,5,Erudition,huong_ve_dieu_khong_the_truy_hoi.png,1,0,0,0,0
33,Vệt Máu Ngày Cũ,4,Destruction,vet_mau_ngay_cu.png,0,0,0,0,0
34,"Huyết Hoả, Hãy Thiêu Đốt Con Đường Phía Trước",5,Destruction,huyet_hoa_hay_thieu_dot_con_duong_phia_truoc.png,1.5,0,0,0,0
35,Vũ Điệu Vô Biên,4,Nihility,vu_dieu_vo_bien.png,0,0,0,0,0
37,Điệu Múa Dưới Hoàng Hôn,5,Destruction,dieu_mua_duoi_hoang_hon.png,1,0,0,0,0
38,Gặp Lại Ở Điểm Cuối Cùng,4,Hunt,gap_lai_o_diem_cuoi_cung.png,0,0,0,0,0
39,Mong Hành Trình Mãi Mãi Bình An,4,Preservation,mong_hanh_trinh_mai_mai_binh_an.png,0,0,0,0,0
40,Chuyến Bay Trở Về Mặt Đất,5,Harmony,chuyen_bay_tro_ve_mat_dat.png,1,0,0,0,0
41,Nhẫn Sự Lục-Săn Bắn Âm Luật,4,Destruction,nhan_su_luc_san_ban_am_luat.png,0,0,0,0,0
42,Kỳ Nghỉ Phiêu Lưu Nhà Tắm Hơi,4,Nihility,ky_nghi_phieu_luu_nha_tam_hoi.png,0,0,0,0,0
43,Lời Nói Dối Bay Trong Gió,5,Nihility,loi_noi_doi_bay_trong_gio.png,1.5,0,0,0,0
44,Giấc Mơ Vấn Vương Hương Lúa,4,Abundance,giac_mo_van_vuong_huong_lua.png,0,0,0,0,0
45,Vì Hành Trình Ngày Mai,4,Erudition,vi_hanh_trinh_ngay_mai.png,0,0,0,0,0
46,Sau Sự Im Lặng Hài Hòa,4,Erudition,sau_su_im_lang_hai_hoa.png,0,0,0,0,0
47,Bí Kíp Nhẫn Pháp-Dazzling Phá Ma,5,Erudition,bi_kip_nhan_phap_dazzling_pha_ma.png,1,0,0,0,0
48,"Ta Sẽ, Tuần Tra Săn Bắn",5,Hunt,ta_se_tuan_tra_san_ban.png,1,0,0,0,0
49,Vô Số Mùa Xuân Ấy,5,Nihility,vo_so_mua_xuan_ay.png,0.5,0,0,0,0
50,Ngoại Suy Vô Tận,5,Abundance,ngoai_suy_vo_tan.png,0,0,0,0,0
51,Hi Vọng Là Vô Giá,5,Erudition,hi_vong_la_vo_gia.png,0.5,0,0,0,0
52,Giấc Mộng Sẽ Đi Về Đâu,5,Destruction,giac_mong_se_di_ve_dau.png,1,0,0,0,0
53,Hướng Đến Sinh Mệnh Thứ Hai,5,Hunt,huong_den_sinh_menh_thu_hai.png,1,0,0,0,0
54,Sắc Đêm Rực Sáng,5,Harmony,sac_dem_ruc_sang.png,1,0,0,0,0
55,Hun Đúc Ký Ức Thời Gian,5,Nihility,hun_duc_ky_uc_thoi_gian.png,1,0,0,0,0
56,Ngày Ngân Hà Sụp Đổ,4,Erudition,ngay_ngan_ha_sup_do.png,0,0,0,0,0
57,Buổi Hoà Nhạc Hai Người,4,Preservation,buoi_hoa_nhac_hai_nguoi.png,0,0,0,0,0
58,Ước Hẹn Khắc Ghi,4,Destruction,uoc_hen_khac_ghi.png,0,0,0,0,0
59,Dây Thêu Dệt Vận Mệnh,4,Preservation,day_theu_det_van_menh.png,0,0,0,0,0
60,Ở Nơi Xa Ngọn Lửa,4,Destruction,o_noi_xa_ngon_lua.png,0,0,0,0,0
61,Người Chiến Thắng Cuối Cùng,4,Hunt,nguoi_chien_thang_cuoi_cung.png,0,0,0,0,0
62,Chuyến Thám Hiểm Thị Trấn Mộng Đẹp,4,Harmony,chuyen_tham_hiem_thi_tran_mong_dep.png,0,0,0,0,0
63,Vai Diễn Bắt Đầu,4,Nihility,vai_dien_bat_dau.png,0,0,0,0,0
64,Vận Mệnh Chưa Từng Công Bằng,5,Preservation,van_menh_chua_tung_cong_bang.png,0.5,0,0,0,0
65,Đâu Là Thật?,4,Abundance,dau_la_that.png,0,0,0,0,0
66,Bước Theo Bến Bờ Thời Gian,5,Nihility,buoc_theo_ben_bo_thoi_gian.png,1.5,0,0,0,0
67,Trò Đùa Trần Thế,5,Harmony,tro_dua_tran_the.png,0.5,0,0,0,0
68,Lễ Rửa Tội Thuần Khiết,5,Hunt,le_rua_toi_thuan_khiet.png,1,0,0,0,0
69,Tôi Trong Gương Ngày Ấy,5,Harmony,toi_trong_guong_ngay_ay.png,0.5,0,0,0,0
70,"Hi, Tôi Ở Đây",4,Abundance,hi_toi_o_day.png,0,0,0,0,0
71,Đêm Kinh Hoàng,5,Abundance,dem_kinh_hoang.png,1,0,0,0,0
72,Đôi Mắt Đã Nhắm Lại,5,Preservation,doi_mat_da_nham_lai.png,0.5,0,0,0,0
73,Rực Rỡ Hơn Mặt Trời,5,Destruction,ruc_ro_hon_mat_troi.png,0.5,0,0,0,0
74,Chỉ Cần Chờ Đợi,5,Nihility,chi_can_cho_doi.png,0.5,0,0,0,0
75,Bến Bờ Xa Diệu Vợi,5,Destruction,ben_bo_xa_dieu_voi.png,0.5,0,0,0,0
76,Tiếng Vọng Của Quan Tài,5,Abundance,tieng_vong_cua_quan_tai.png,0,0,0,0,0
77,Trước Khi Bắt Đầu Nhiệm Vụ Tân Thủ,4,Nihility,truoc_khi_bat_dau_nhiem_vu_tan_thu.png,0,0,0,0,0
78,Cơn Mưa Tầm Tã,5,Nihility,con_mua_tam_ta.png,0,0,0,0,0
79,Sinh Sôi,3,Abundance,sinh_soi.png,0,0,0,0,0
80,Dồi Dào,3,Abundance,doi_dao.png,0,0,0,0,0
81,Trái Ngọt,3,Abundance,trai_ngot.png,0,0,0,0,0
82,Phòng Thủ,3,Preservation,phong_thu.png,0,0,0,0,0
83,Mở Rộng,3,Preservation,mo_rong.png,0,0,0,0,0
84,Hổ Phách,3,Preservation,ho_phach.png,0,0,0,0,0
85,Bóng Ẩn,3,Nihility,bong_an.png,0,0,0,0,0
86,Xoáy Ốc,3,Nihility,xoay_oc.png,0,0,0,0,0
87,Tĩnh Mịch,3,Nihility,tinh_mich.png,0,0,0,0,0
88,Luân Hồi,3,Harmony,luan_hoi.png,0,0,0,0,0
89,Điệp Khúc,3,Harmony,diep_khuc.png,0,0,0,0,0
90,Khoảnh Khắc Nơi Đáy Mắt,5,Erudition,khoanh_khac_noi_day_mat.png,0.5,0,0,0,0
91,"Phiền Não, Hạnh Phúc",5,Hunt,phien_nao_hanh_phuc.png,1,0,0,0,0
92,Thân Này Là Kiếm,5,Destruction,than_nay_la_kiem.png,1,0,0,0,0
93,Một Mình Chữa Trị,5,Nihility,mot_minh_chua_tri.png,0,0,0,0,0
94,Hài Hoà,3,Harmony,hai_hoa.png,0,0,0,0,0
95,Thông Tuệ,3,Erudition,thong_tue.png,0,0,0,0,0
96,Chìa Khoá Linh Hồn,3,Erudition,chia_khoa_linh_hon.png,0,0,0,0,0
97,Kho Lưu Trữ,3,Erudition,kho_luu_tru.png,0,0,0,0,0
98,Đối Kháng,3,Hunt,doi_khang.png,0,0,0,0,0
99,Tên Bắn,3,Hunt,ten_ban.png,0,0,0,0,0
100,Mũi Tên,3,Hunt,mui_ten.png,0,0,0,0,0
101,Huỷ Diệt Tất Cả,3,Destruction,huy_diet_tat_ca.png,0,0,0,0,0
102,Đổ Nát,3,Destruction,do_nat.png,0,0,0,0,0
103,Trời Sập,3,Destruction,troi_sap.png,0,0,0,0,0
104,Quá Khứ Tương Lai,4,Harmony,qua_khu_tuong_lai.png,0,0,0,0,0
105,Múa! Múa! Múa!,4,Harmony,mua_mua_mua.png,0,0,0,0,0
106,Hôm Nay Là Ngày Yên Lành,4,Erudition,hom_nay_la_ngay_yen_lanh.png,0,0,0,0,0
107,Không Nơi Ẩn Náu,4,Destruction,khong_noi_an_nau.png,0,0,0,0,0
108,Khắc Lên Ánh Trăng,4,Harmony,khac_len_anh_trang.png,0,0,0,0,0
109,U Tối Trở Lại,4,Hunt,u_toi_tro_lai.png,0,0,0,0,0
110,Đó Chính Là Tôi!,4,Preservation,do_chinh_la_toi.png,0,0,0,0,0
111,Hẹn Gặp Lại,4,Nihility,hen_gap_lai.png,0,0,0,0,0
112,Bữa Sáng Đúng Điệu,4,Erudition,bua_sang_dung_dieu.png,0,0,0,0,0
113,Gâu! Thời Gian Tản Bộ,4,Destruction,gau_thoi_gian_tan_bo.png,0,0,0,0,0
114,Ký Hiệu Kéo Dài,4,Nihility,ky_hieu_keo_dai.png,0,0,0,0,0
115,Làn Nước Xuân Xuất Hiện,4,Hunt,lan_nuoc_xuan_xuat_hien.png,0,0,0,0,0
116,Chúng Ta Là Lửa Ngầm,4,Abundance,chung_ta_la_lua_ngam.png,0,0,0,0,0
117,Sự Nghỉ Ngơi Của Thiên Tài,4,Erudition,su_nghi_ngoi_cua_thien_tai.png,0,0,0,0,0
118,Dưới Bầu Trời Xanh,4,Destruction,duoi_bau_troi_xanh.png,0,0,0,0,0
119,Đừng Để Thế Giới Lạnh Lẽo,4,Erudition,dung_de_the_gioi_lanh_leo.png,0,0,0,0,0
120,Đêm Ấm Sẽ Chóng Qua,4,Abundance,dem_am_se_chong_qua.png,0,0,0,0,0
121,Đổi Ngang Giá,4,Abundance,doi_ngang_gia.png,0,0,0,0,0
122,Hãy Theo Dõi Nào!,4,Hunt,hay_theo_doi_nao.png,0,0,0,0,0
123,Xu Hướng Thị Trường Vũ Trụ,4,Preservation,xu_huong_thi_truong_vu_tru.png,0,0,0,0,0
124,Sự Quyết Tâm Như Giọt Mồ Hôi Lấp Lánh,4,Nihility,su_quyet_tam_nhu_giot_mo_hoi_lap_lanh.png,0,0,0,0,0
125,Vừa Đúng Lúc,3,Abundance,vua_dung_luc.png,0,0,0,0,0
126,Lời Thề Bí Mật,4,Destruction,loi_the_bi_mat.png,0,0,0,0,0
127,Điểm Hẹn Hành Tinh,4,Harmony,diem_hen_hanh_tinh.png,0,0,0,0,0
128,Luận Kiếm,4,Hunt,luan_kiem.png,0,0,0,0,0
129,Sự Lựa chọn Của Landau,4,Preservation,su_lua_chon_cua_landau.png,0,0,0,0,0
130,Tầm Mắt Của Con Mồi,4,Nihility,tam_mat_cua_con_moi.png,0,0,0,0,0
131,Cùng Một Tâm Trạng,4,Abundance,cung_mot_tam_trang.png,0,0,0,0,0
132,Sự Ra Đời Của Tôi,4,Erudition,su_ra_doi_cua_toi.png,0,0,0,0,0
133,Băng Chuột Chũi Hoan Nghênh,4,Destruction,bang_chuot_chui_hoan_nghenh.png,0,0,0,0,0
134,Dáng Hình Trong Ký Ức,4,Harmony,dang_hinh_trong_ky_uc.png,0,0,0,0,0
135,Ngày Đầu Tiên,4,Preservation,ngay_dau_tien.png,0,0,0,0,0
136,Sự Trầm Mặc Duy Nhất,4,Hunt,su_tram_mac_duy_nhat.png,0,0,0,0,0
137,Chúc Ngủ Ngon,4,Nihility,chuc_ngu_ngon.png,0,0,0,0,0
138,Buổi Trò Chuyện Hậu Phẫu,4,Abundance,buoi_tro_chuyen_hau_phau.png,0,0,0,0,0
139,Chất Liệu Ký Ức,5,Preservation,chat_lieu_ky_uc.png,0,0,0,0,0
140,Du Hành Trên Biển Sao,5,Hunt,du_hanh_tren_bien_sao.png,0,0,0,0,0
141,Sự Sụp Đổ Của Aeon,5,Destruction,su_sup_do_cua_aeon.png,0,0,0,0,0
142,Thời Gian Không Ngừng Lại,5,Abundance,thoi_gian_khong_ngung_lai.png,0,0,0,0,0
143,Giấc Ngủ Say Mềm,5,Hunt,giac_ngu_say_mem.png,0,0,0,0,0
144,Trước Buổi Bình Minh,5,Erudition,truoc_buoi_binh_minh.png,0.5,0,0,0,0
145,Giây Phút Thắng Lợi,5,Preservation,giay_phut_thang_loi.png,0,0.5,1,1.5,2
146,Nhân Danh Thế Giới,5,Nihility,nhan_danh_the_gioi.png,0,0.5,1,1.5,2
147,Cuộc Chiến Chưa Nguôi,5,Harmony,cuoc_chien_chua_nguoi.png,0,0.5,1,1.5,2
148,Vật Không Thể Thay Thế,5,Destruction,vat_khong_the_thay_the.png,0,0.5,1,1.5,2
149,Trong Đêm Tối,5,Hunt,trong_dem_toi.png,0,0.5,1,1.5,2
150,Chuyến Tàu Đêm Trên Dải Ngân Hà,5,Erudition,chuyen_tau_dem_tren_dai_ngan_ha.png,0,0.5,1,1.5,2
151,Kinh Doanh Tầm Cỡ Vũ Trụ,4,Erudition,kinh_doanh_tam_co_vu_tru.png,0,0,0,0,0